{
  "summary": {
    "successRate": 1.0,
    "total": 20.002013717,
    "slowest": 0.008521042,
    "fastest": 0.000045875,
    "average": 0.0007073783344271096,
    "requestsPerSec": 70623.78918375581,
    "totalData": 2534146992,
    "sizePerRequest": 1794,
    "sizePerSec": 126694593.2471885
  },
  "responseTimeHistogram": {
    "0.000045875": 1,
    "0.0008933916999999999": 1206753,
    "0.0017409083999999997": 127176,
    "0.0025884250999999997": 71783,
    "0.0034359417999999995": 6665,
    "0.004283458499999999": 132,
    "0.0051309751999999995": 25,
    "0.005978491899999999": 8,
    "0.006826008599999999": 2,
    "0.007673525299999999": 7,
    "0.008521042": 16
  },
  "latencyPercentiles": {
    "p10": 0.000278417,
    "p25": 0.000406458,
    "p50": 0.0007115,
    "p75": 0.000771667,
    "p90": 0.001159416,
    "p95": 0.001815167,
    "p99": 0.00236675,
    "p99.9": 0.002932375,
    "p99.99": 0.003576667
  },
  "firstByteHistogram": {
    "0.000037959": 1,
    "0.0008861838999999999": 1206028,
    "0.0017344087999999998": 129064,
    "0.0025826337": 70941,
    "0.0034308586": 6365,
    "0.004279083499999999": 122,
    "0.0051273084": 15,
    "0.0059755332999999996": 8,
    "0.006823758199999999": 1,
    "0.007671983099999999": 7,
    "0.008520208": 16
  },
  "firstBytePercentiles": {
    "p10": 0.000276166,
    "p25": 0.000404333,
    "p50": 0.000709916,
    "p75": 0.000770166,
    "p90": 0.0011455,
    "p95": 0.001796625,
    "p99": 0.002350083,
    "p99.9": 0.002911917,
    "p99.99": 0.003517041
  },
  "rps": {
    "mean": 70622.03732382428,
    "stddev": 3723.5753963776215,
    "max": 84313.34680279889,
    "min": 39723.3374607601,
    "percentiles": {
      "p10": 68032.8802910475,
      "p25": 69683.04128029618,
      "p50": 71207.1207120674,
      "p75": 72485.77241448886,
      "p90": 73521.92140226183,
      "p95": 74243.30612044441,
      "p99": 76009.82046879511,
      "p99.9": 83300.15076522455,
      "p99.99": 84313.34680279889
    }
  },
  "details": {
    "DNSDialup": {
      "average": 0.0027788117199999992,
      "fastest": 0.000083583,
      "slowest": 0.006542417
    },
    "DNSLookup": {
      "average": 0.000011070120000000002,
      "fastest": 1.25e-6,
      "slowest": 0.000352917
    },
    "firstByte": {
      "average": 0.0007033882502803645,
      "fastest": 0.000037959,
      "slowest": 0.008520208
    }
  },
  "statusCodeDistribution": {
    "200": 1412568
  },
  "errorDistribution": {
    "aborted due to deadline": 50
  }
}