{
  "summary": {
    "successRate": 1.0,
    "total": 20.001770509,
    "slowest": 0.019297083,
    "fastest": 0.000011875,
    "average": 0.0003177510457052733,
    "requestsPerSec": 157099.49269671424,
    "totalData": 4967846658,
    "sizePerRequest": 1581,
    "sizePerSec": 248370345.8033711
  },
  "responseTimeHistogram": {
    "0.000011875": 3,
    "0.0019403957999999998": 3109746,
    "0.0038689166": 31905,
    "0.005797437399999999": 453,
    "0.007725958199999999": 32,
    "0.009654478999999999": 32,
    "0.011582999799999999": 6,
    "0.013511520599999998": 10,
    "0.015440041399999998": 11,
    "0.0173685622": 6,
    "0.019297083": 14
  },
  "latencyPercentiles": {
    "p10": 0.000133917,
    "p25": 0.000148292,
    "p50": 0.000239791,
    "p75": 0.000406166,
    "p90": 0.0004585,
    "p95": 0.000606458,
    "p99": 0.001953917,
    "p99.9": 0.002331959,
    "p99.99": 0.0040375
  },
  "firstByteHistogram": {
    "0.000011792": 1,
    "0.001940317": 3109743,
    "0.003868842": 31910,
    "0.0057973669999999995": 453,
    "0.007725892": 32,
    "0.009654417": 32,
    "0.011582941999999999": 6,
    "0.013511467": 10,
    "0.015439992": 11,
    "0.017368517": 6,
    "0.019297042": 14
  },
  "firstBytePercentiles": {
    "p10": 0.000133875,
    "p25": 0.00014825,
    "p50": 0.000239709,
    "p75": 0.000406084,
    "p90": 0.000458458,
    "p95": 0.000606375,
    "p99": 0.001953875,
    "p99.9": 0.002331916,
    "p99.99": 0.004037416
  },
  "rps": {
    "mean": 157095.97391498706,
    "stddev": 8397.79228424686,
    "max": 173325.99889983496,
    "min": 48027.41404793849,
    "percentiles": {
      "p10": 152849.64933225137,
      "p25": 155205.82021821922,
      "p50": 158165.24316278377,
      "p75": 160973.11398837867,
      "p90": 162887.55205924573,
      "p95": 164217.54279652008,
      "p99": 166113.53930538855,
      "p99.9": 171795.12879623132,
      "p99.99": 173325.99889983496
    }
  },
  "details": {
    "DNSDialup": {
      "average": 0.0015160940999999998,
      "fastest": 0.000058708,
      "slowest": 0.003391375
    },
    "DNSLookup": {
      "average": 2.980880000000001e-6,
      "fastest": 1.375e-6,
      "slowest": 0.000033708
    },
    "firstByte": {
      "average": 0.0003176969675862618,
      "fastest": 0.000011792,
      "slowest": 0.019297042
    }
  },
  "statusCodeDistribution": {
    "200": 3142218
  },
  "errorDistribution": {
    "aborted due to deadline": 50
  }
}