{
  "summary": {
    "successRate": 1.0,
    "total": 20.002436883,
    "slowest": 0.012690584,
    "fastest": 8.708e-6,
    "average": 0.000216014738108901,
    "requestsPerSec": 230794.12908551656,
    "totalData": 849416864,
    "sizePerRequest": 184,
    "sizePerSec": 42465669.0066557
  },
  "responseTimeHistogram": {
    "0.000008708": 1,
    "0.0012768956": 4579873,
    "0.0025450832": 33053,
    "0.0038132708000000004": 1832,
    "0.0050814584": 1028,
    "0.006349646": 330,
    "0.0076178336": 138,
    "0.0088860212": 86,
    "0.0101542088": 18,
    "0.0114223964": 6,
    "0.012690584": 31
  },
  "latencyPercentiles": {
    "p10": 0.0000775,
    "p25": 0.000091708,
    "p50": 0.000107625,
    "p75": 0.000240667,
    "p90": 0.000545125,
    "p95": 0.000607083,
    "p99": 0.000980375,
    "p99.9": 0.002301583,
    "p99.99": 0.005336792
  },
  "firstByteHistogram": {
    "0.000008667": 1,
    "0.0012767044999999998": 4579883,
    "0.0025447419999999996": 33043,
    "0.0038127794999999994": 1832,
    "0.005080817": 1028,
    "0.006348854499999999": 330,
    "0.007616891999999999": 138,
    "0.0088849295": 86,
    "0.010152966999999999": 18,
    "0.011421004499999998": 6,
    "0.012689041999999998": 31
  },
  "firstBytePercentiles": {
    "p10": 0.000077458,
    "p25": 0.000091625,
    "p50": 0.000107542,
    "p75": 0.000240625,
    "p90": 0.000545042,
    "p95": 0.000607,
    "p99": 0.000980083,
    "p99.9": 0.002301542,
    "p99.99": 0.00533625
  },
  "rps": {
    "mean": 230594.19887474636,
    "stddev": 37655.956379062794,
    "max": 275227.29805772053,
    "min": 10723.679411758067,
    "percentiles": {
      "p10": 204703.4185470497,
      "p25": 226876.0400779565,
      "p50": 239751.85882737697,
      "p75": 245520.20745456658,
      "p90": 258156.01331840974,
      "p95": 271412.2906987079,
      "p99": 273103.41379271814,
      "p99.9": 274814.10767128743,
      "p99.99": 275227.29805772053
    }
  },
  "details": {
    "DNSDialup": {
      "average": 0.003291071640000001,
      "fastest": 0.000083625,
      "slowest": 0.007181334
    },
    "DNSLookup": {
      "average": 7.693300000000005e-6,
      "fastest": 1.333e-6,
      "slowest": 0.0001435
    },
    "firstByte": {
      "average": 0.00021595218651888204,
      "fastest": 8.667e-6,
      "slowest": 0.012689042
    }
  },
  "statusCodeDistribution": {
    "200": 4616396
  },
  "errorDistribution": {
    "aborted due to deadline": 49
  }
}