{
  "summary": {
    "successRate": 1.0,
    "total": 20.00492905,
    "slowest": 0.006728958,
    "fastest": 0.0000205,
    "average": 0.0005377849946317952,
    "requestsPerSec": 92850.26681961663,
    "totalData": 2379347334,
    "sizePerRequest": 1281,
    "sizePerSec": 118938054.11921717
  },
  "responseTimeHistogram": {
    "0.0000205": 1,
    "0.0006913458000000001": 1409188,
    "0.0013621916": 357357,
    "0.0020330374000000003": 70170,
    "0.0027038832000000003": 16027,
    "0.0033747290000000004": 3533,
    "0.0040455748": 845,
    "0.0047164206": 228,
    "0.0053872664": 41,
    "0.0060581122": 9,
    "0.006728958": 15
  },
  "latencyPercentiles": {
    "p10": 0.000163208,
    "p25": 0.000260708,
    "p50": 0.000425042,
    "p75": 0.000677292,
    "p90": 0.00105625,
    "p95": 0.00135225,
    "p99": 0.002083834,
    "p99.9": 0.003161833,
    "p99.99": 0.004336417
  },
  "firstByteHistogram": {
    "0.000020459": 1,
    "0.0006913048000000001": 1409200,
    "0.0013621506000000001": 357347,
    "0.0020329964": 70168,
    "0.0027038422": 16028,
    "0.0033746880000000003": 3532,
    "0.0040455338": 845,
    "0.0047163796": 228,
    "0.0053872254": 41,
    "0.0060580712": 9,
    "0.006728917": 15
  },
  "firstBytePercentiles": {
    "p10": 0.000163167,
    "p25": 0.000260625,
    "p50": 0.000425,
    "p75": 0.00067725,
    "p90": 0.001056208,
    "p95": 0.001352167,
    "p99": 0.002083792,
    "p99.9": 0.003161792,
    "p99.99": 0.004336333
  },
  "rps": {
    "mean": 92861.57891612749,
    "stddev": 7064.450696805927,
    "max": 112583.91826225458,
    "min": 48662.779006639044,
    "percentiles": {
      "p10": 84736.90744582751,
      "p25": 89514.54611374046,
      "p50": 93536.24529504539,
      "p75": 97411.36790664296,
      "p90": 100459.01967405886,
      "p95": 102326.39715370572,
      "p99": 105830.87086503115,
      "p99.9": 107864.26552939543,
      "p99.99": 112583.91826225458
    }
  },
  "details": {
    "DNSDialup": {
      "average": 0.0021457159,
      "fastest": 0.000068625,
      "slowest": 0.004220542
    },
    "DNSLookup": {
      "average": 0.00001024752,
      "fastest": 1.084e-6,
      "slowest": 0.00020675
    },
    "firstByte": {
      "average": 0.0005377280721180306,
      "fastest": 0.000020459,
      "slowest": 0.006728917
    }
  },
  "statusCodeDistribution": {
    "200": 1857414
  },
  "errorDistribution": {
    "aborted due to deadline": 49
  }
}