{
  "summary": {
    "successRate": 1.0,
    "total": 20.004566343,
    "slowest": 0.014136125,
    "fastest": 0.000019542,
    "average": 0.0005680432639344966,
    "requestsPerSec": 87897.3815203588,
    "totalData": 2252382300,
    "sizePerRequest": 1281,
    "sizePerSec": 112593407.99397802
  },
  "responseTimeHistogram": {
    "0.000019542": 1,
    "0.0014312002999999998": 1657851,
    "0.0028428585999999995": 89997,
    "0.004254516899999999": 8478,
    "0.005666175199999999": 1441,
    "0.007077833499999999": 338,
    "0.008489491799999999": 96,
    "0.009901150099999999": 25,
    "0.011312808399999999": 57,
    "0.0127244667": 12,
    "0.014136125": 4
  },
  "latencyPercentiles": {
    "p10": 0.000135083,
    "p25": 0.000251166,
    "p50": 0.000436208,
    "p75": 0.000712833,
    "p90": 0.0011335,
    "p95": 0.001505291,
    "p99": 0.002501917,
    "p99.9": 0.004366625,
    "p99.99": 0.007181625
  },
  "firstByteHistogram": {
    "0.000019459": 1,
    "0.0014311173": 1657842,
    "0.0028427756": 90006,
    "0.0042544339": 8478,
    "0.0056660922": 1441,
    "0.0070777505000000004": 338,
    "0.008489408799999999": 96,
    "0.009901067099999999": 25,
    "0.0113127254": 57,
    "0.0127243837": 12,
    "0.014136042": 4
  },
  "firstBytePercentiles": {
    "p10": 0.000135,
    "p25": 0.000251083,
    "p50": 0.000436125,
    "p75": 0.000712791,
    "p90": 0.001133416,
    "p95": 0.001505208,
    "p99": 0.002501834,
    "p99.9": 0.004366584,
    "p99.99": 0.007181542
  },
  "rps": {
    "mean": 87891.07126943985,
    "stddev": 11959.774921274162,
    "max": 110733.21996596729,
    "min": 247.87625818890206,
    "percentiles": {
      "p10": 74241.5970049737,
      "p25": 83012.10316464187,
      "p50": 89778.43463885863,
      "p75": 95866.1491502432,
      "p90": 100057.943555128,
      "p95": 102335.38757702758,
      "p99": 105712.30201614955,
      "p99.9": 109563.45915554102,
      "p99.99": 110733.21996596729
    }
  },
  "details": {
    "DNSDialup": {
      "average": 0.00476408912,
      "fastest": 0.000068459,
      "slowest": 0.010021333
    },
    "DNSLookup": {
      "average": 0.000012593279999999994,
      "fastest": 1.125e-6,
      "slowest": 0.000260583
    },
    "firstByte": {
      "average": 0.000567981435180558,
      "fastest": 0.000019459,
      "slowest": 0.014136042
    }
  },
  "statusCodeDistribution": {
    "200": 1758300
  },
  "errorDistribution": {
    "aborted due to deadline": 49
  }
}