{
  "summary": {
    "successRate": 1.0,
    "total": 20.003308843,
    "slowest": 0.034133792,
    "fastest": 0.000013625,
    "average": 0.0002730328795944091,
    "requestsPerSec": 182572.99473121975,
    "totalData": 1712794566,
    "sizePerRequest": 469,
    "sizePerSec": 85625562.22289088
  },
  "responseTimeHistogram": {
    "0.000013625": 1,
    "0.0034256417000000003": 3650441,
    "0.0068376584": 1068,
    "0.010249675100000001": 269,
    "0.0136616918": 114,
    "0.0170737085": 24,
    "0.020485725200000002": 12,
    "0.0238977419": 13,
    "0.0273097586": 0,
    "0.0307217753": 48,
    "0.034133792": 24
  },
  "latencyPercentiles": {
    "p10": 0.000107083,
    "p25": 0.000158792,
    "p50": 0.000231375,
    "p75": 0.000325917,
    "p90": 0.000456708,
    "p95": 0.000570334,
    "p99": 0.000983875,
    "p99.9": 0.002311458,
    "p99.99": 0.007988667
  },
  "firstByteHistogram": {
    "0.000013583": 1,
    "0.0034255997000000003": 3650441,
    "0.0068376164000000005": 1068,
    "0.0102496331": 269,
    "0.0136616498": 114,
    "0.0170736665": 24,
    "0.020485683200000004": 12,
    "0.023897699900000003": 13,
    "0.027309716600000002": 0,
    "0.0307217333": 48,
    "0.03413375": 24
  },
  "firstBytePercentiles": {
    "p10": 0.000107041,
    "p25": 0.00015875,
    "p50": 0.000231333,
    "p75": 0.000325834,
    "p90": 0.000456625,
    "p95": 0.00057025,
    "p99": 0.00098375,
    "p99.9": 0.002311333,
    "p99.99": 0.007988583
  },
  "rps": {
    "mean": 182526.05913676787,
    "stddev": 30409.949563931605,
    "max": 238547.70954192014,
    "min": 56.46872702605066,
    "percentiles": {
      "p10": 150880.5990847448,
      "p25": 171873.30620165996,
      "p50": 188130.23123903177,
      "p75": 202128.64162851416,
      "p90": 211878.56457173693,
      "p95": 216415.9906635065,
      "p99": 226065.77403208494,
      "p99.9": 235131.20451340338,
      "p99.99": 238547.70954192014
    }
  },
  "details": {
    "DNSDialup": {
      "average": 0.01104860088,
      "fastest": 0.000081125,
      "slowest": 0.011564834
    },
    "DNSLookup": {
      "average": 4.53504e-6,
      "fastest": 1.208e-6,
      "slowest": 0.000066875
    },
    "firstByte": {
      "average": 0.0002729667927727171,
      "fastest": 0.000013583,
      "slowest": 0.03413375
    }
  },
  "statusCodeDistribution": {
    "200": 3652014
  },
  "errorDistribution": {
    "aborted due to deadline": 50
  }
}